1,"mail1@gmail.com",123,1.01.2000,1,1,1
2,"mail2@gmail.com",124,2.01.2000,0,2,2
3,"mail3@gmail.com",125,3.01.2000,0,3,3
4,"mail4@gmail.com",126,4.01.2000,0,4,4
5,"mail5@gmail.com",127,5.01.2000,0,5,5
6,"mail6@gmail.com",128,6.01.2000,0,6,6
7,"mail7@gmail.com",129,7.01.2000,0,7,7
8,"mail8@gmail.com",130,8.01.2000,0,8,8
9,"mail9@gmail.com",131,9.01.2000,0,9,9
10,"mail10@gmail.com",132,10.01.2000,0,10,10
11,"mail11@gmail.com",133,11.01.2000,0,11,11
12,"mail12@gmail.com",134,12.01.2000,0,12,12
13,"mail13@gmail.com",135,13.01.2000,0,13,13
14,"mail14@gmail.com",136,14.01.2000,0,14,14
15,"mail15@gmail.com",137,15.01.2000,0,15,15
16,"mail16@gmail.com",138,16.01.2000,0,16,16
17,"mail17@gmail.com",139,17.01.2000,0,17,17
18,"mail18@gmail.com",140,18.01.2000,0,18,18
19,"mail19@gmail.com",141,19.01.2000,0,19,19
20,"mail20@gmail.com",142,20.01.2000,0,20,20
21,"mail21@gmail.com",143,21.01.2000,0,21,21
22,"mail22@gmail.com",144,22.01.2000,0,22,22
23,"mail23@gmail.com",145,23.01.2000,0,23,23
24,"mail24@gmail.com",146,24.01.2000,0,24,24
25,"mail25@gmail.com",147,25.01.2000,0,25,25
26,"mail26@gmail.com",148,26.01.2000,0,26,26
27,"mail27@gmail.com",149,27.01.2000,0,27,27
28,"mail28@gmail.com",150,28.01.2000,0,28,28
29,"mail29@gmail.com",151,29.01.2000,0,29,29
30,"mail30@gmail.com",152,30.01.2000,0,30,30
