Ffirst_name,last_name,bio,birth_date,birth_place
Rosco,Patesel,"Personal trainer who enjoys playing card games, watching television and ferret racing.",1984-09-17,Lisbon
Tannie,Vannacci,"Computing student who enjoys watching television, glamping and listening to music. ",1996-10-11,Akola
Drud,Wey,"Tradesperson who enjoys horse riding, duck herding and planking.",1997-05-16,Nanyang
Deidre,Carlow,"Personal trainer who enjoys photography, appearing in the background on TV and Deidre is a 45-year-old personal trainer who enjoys photography, appearing in the background on TV and walking.",2009-04-10,Chelyabinsk
Kalil,Denial,"Tradesperson who enjoys eating out, watching sport and recycling.",2010-09-08,Melitopol
Loydie,Joul,"A celebrity chef who enjoys eating out, ferret racing and reading.",2010-12-29,Kalisz
Ban,Antognetti,"A 24-year-old P.P.E. student who enjoys jigsaw puzzles, tennis and attending gallaries.",2014-09-02,Dortmund
Waldemar,Orring,"Personal trainer who enjoys watching television, going to the movies and Rubix cube.",2016-04-08,Norwalk
Marget,Jefferys,"Golf caddy who enjoys donating blood, painting and sailing.",2019-08-09,Pingxiang
Packston,Gilbeart,"Blogger who enjoys escapology, podcasting and duck herding.",2021-09-01,Maicao
