Nnick,first_name,last_name,avatar,user_id
bulka20,Rosco,Patesel,https://robohash.org/nonattenetur.png?size=50x50&set=set1,1
Cocroach,Tannie,Vannacci,https://robohash.org/recusandaesuntea.png?size=50x50&set=set1,2
aktara,Drud,Wey,https://robohash.org/doloribusquaemagni.png?size=50x50&set=set1,3
Monsterus,Deidre,Carlow,https://robohash.org/velatqueipsum.png?size=50x50&set=set1,4
AURAS,Kalil,Denial,https://robohash.org/voluptatemcorruptienim.png?size=50x50&set=set1,5
makshun,Loydie,Joul,https://robohash.org/doloremautperferendis.png?size=50x50&set=set1,6
Wokaba,Ban,Antognetti,https://robohash.org/estbeataequi.png?size=50x50&set=set1,7
noyuST,Waldemar,Orring,https://robohash.org/solutamaximeatque.png?size=50x50&set=set1,8
Purlstaa,Marget,Jefferys,https://robohash.org/sedquasiat.png?size=50x50&set=set1,9
wwetytyy,Packston,Gilbeart,https://robohash.org/rerumnihileum.png?size=50x50&set=set1,10
